Number,Model,Operator,Service Year
356 3 077,Regmms 32 94 356 3,Medway,1987
356 3 078,Regmms 32 94 356 3,Medway,1987
356 3 079,Regmms 32 94 356 3,Medway,1987
356 3 080,Regmms 32 94 356 3,Medway,1987
356 3 081,Regmms 32 94 356 3,Medway,1987
356 3 082,Regmms 32 94 356 3,Medway,1987
356 3 083,Regmms 32 94 356 3,Medway,1987
356 3 084,Regmms 32 94 356 3,Medway,1987
356 3 085,Regmms 32 94 356 3,Medway,1987
356 3 086,Regmms 32 94 356 3,Medway,1987
356 3 087,Regmms 32 94 356 3,Medway,1987
356 3 088,Regmms 32 94 356 3,Medway,1987
356 3 089,Regmms 32 94 356 3,Medway,1987
356 3 090,Regmms 32 94 356 3,Medway,1987
356 3 091,Regmms 32 94 356 3,Medway,1987
356 3 092,Regmms 32 94 356 3,Medway,1987
082 3 045,Tadgs 32 94 082 3,Medway,1990
082 3 046,Tadgs 32 94 082 3,Medway,1990
082 3 047,Tadgs 32 94 082 3,Medway,1990
082 3 048,Tadgs 32 94 082 3,Medway,1990
074 1 001,Tdgs 41 94 074 1,Medway,1977
074 1 002,Tdgs 41 94 074 1,Medway,1977
074 1 003,Tdgs 41 94 074 1,Medway,1977
074 1 004,Tdgs 41 94 074 1,Medway,1977
074 1 005,Tdgs 41 94 074 1,Medway,1977
074 1 006,Tdgs 41 94 074 1,Medway,1977
181 1 010,Gabs 81 94 181 1,Medway,1977
181 1 011,Gabs 81 94 181 1,Medway,1977
181 1 012,Gabs 81 94 181 1,Medway,1977
181 1 013,Gabs 81 94 181 1,Medway,1977
181 1 014,Gabs 81 94 181 1,Medway,1977
